<?xml version="1.0" encoding="UTF-8"?>
<beans xmlns="http://www.springframework.org/schema/beans"
       xmlns:xsi="http://www.w3.org/2001/XMLSchema-instance"
       xmlns:context="http://www.springframework.org/schema/context"
       xmlns:mvc="http://www.springframework.org/schema/mvc"
       xsi:schemaLocation="http://www.springframework.org/schema/beans
                        http://www.springframework.org/schema/beans/spring-beans-3.1.xsd
                        http://www.springframework.org/schema/context
                        http://www.springframework.org/schema/context/spring-context-3.1.xsd
                        http://www.springframework.org/schema/mvc
                        http://www.springframework.org/schema/mvc/spring-mvc-4.0.xsd">
                        
    <!-- 启用注解 -->
    <mvc:annotation-driven>
        <mvc:message-converters>
            <bean class="org.springframework.http.converter.StringHttpMessageConverter">
                <property name="supportedMediaTypes">
                    <list>
                        <value>application/json;charset=UTF-8</value>
                    </list>
                </property>
            </bean>
        </mvc:message-converters>
    </mvc:annotation-driven>
    <!-- 扫描该包 -->
    <context:component-scan base-package="com.app" />
    <!--避免IE执行AJAX时，返回JSON出现下载文件 -->
    <bean id="mappingJacksonHttpMessageConverter"
          class="org.springframework.http.converter.json.MappingJackson2HttpMessageConverter">
        <property name="supportedMediaTypes">
            <list>
                <value>text/html;charset=UTF-8</value>
            </list>
        </property>
    </bean>
    <!-- 启动SpringMVC的注解功能，完成请求和注解POJO的映射 -->
    <!--<bean class="org.springframework.web.servlet.mvc.method.annotation.RequestMappingHandlerAdapter">
        <property name="messageConverters">
            <list>
                <ref bean="mappingJacksonHttpMessageConverter" /> &lt;!&ndash; JSON转换器 &ndash;&gt;
            </list>
        </property>
    </bean>-->
    <!--<bean class="org.springframework.web.servlet.mvc.method.annotation.RequestMappingHandlerAdapter">
        <property name="messageConverters">
            <list>
                <bean class="org.springframework.http.converter.json.MappingJackson2HttpMessageConverter"/>
                <bean class="org.springframework.http.converter.ByteArrayHttpMessageConverter"/>
                <bean class="org.springframework.http.converter.xml.SourceHttpMessageConverter"/>
                <bean class="org.springframework.http.converter.FormHttpMessageConverter"/>
                <bean class="org.springframework.http.converter.StringHttpMessageConverter"/>
            </list>
        </property>
    </bean>-->
	
    <!-- 对静态资源文件的访问 restful -->
    <mvc:default-servlet-handler/>
    <mvc:resources mapping="/statics/**" location="/statics/" />
    <!-- 访问拦截 -->

    <!-- 定义跳转的文件的前后缀 ，视图模式配置-->
    <bean id="defaultViewResolver" class="org.springframework.web.servlet.view.InternalResourceViewResolver">
        <property name="viewClass" value="org.springframework.web.servlet.view.JstlView"/>
        <property name="prefix" value="/WEB-INF/views/"/><!--设置JSP文件的目录位置-->
        <property name="suffix" value=".jsp"/>
    </bean>

    <!-- 配置文件上传，如果没有使用文件上传可以不用配置，当然如果不配，那么配置文件中也不必引入上传组件包 -->
    <bean id="multipartResolver"
          class="org.springframework.web.multipart.commons.CommonsMultipartResolver">
        <!-- 默认编码 -->
        <property name="defaultEncoding" value="utf-8" />
        <!-- 文件大小最大值 -->
        <property name="maxUploadSize" value="10485760000" />
        <!-- 内存中的最大值 -->
        <property name="maxInMemorySize" value="40960" />
    </bean>
    
    <!-- 拦截器 -->  
      <mvc:interceptors>
        <!-- 多个拦截器，顺序执行 -->  
        
        <mvc:interceptor>  
            <mvc:mapping path="/**"/>
            <mvc:exclude-mapping path="/**/**.do"/>
            <mvc:exclude-mapping path="/css/**"/>
            <mvc:exclude-mapping path="/fonts/**"/>
            <mvc:exclude-mapping path="/img/**"/>
            <mvc:exclude-mapping path="/js/**"/>
            <mvc:exclude-mapping path="/dist/login.html"/>
            <mvc:exclude-mapping path="/dist/static/**"/>
            <mvc:exclude-mapping path="/index.html"/>
			<mvc:exclude-mapping path="/manager/login"/> 
            <bean class="com.app.interceptor.LoginInterceptor"></bean> 
        </mvc:interceptor> 
     </mvc:interceptors>
	 
</beans>