<?xml version="1.0" encoding="UTF-8" ?>
<!DOCTYPE mapper PUBLIC "-//mybatis.org//DTD Mapper 3.0//EN" "http://mybatis.org/dtd/mybatis-3-mapper.dtd" >
<mapper namespace="com.app.dao.BannerDao" >

	<resultMap type="com.app.entiey.Banner" id="BaseBannerMap">
		<id  property="id" column="id"/>
		<result property="title" column="title"/>
		<result property="imagePath" column="imagePath"/>
		<result property="bannerDetails" column="bannerDetails"/>
		<result property="bannerTime" column="bannerTime"/>
		<result property="state" column="state"/>
	</resultMap>
	<!-- 查询所有的banner -->
	<select id="getBannerList" resultMap="BaseBannerMap">
		SELECT id,title,imagePath,bannerDetails,bannerTime,state from banner ORDER BY bannerTime DESC
	</select>
	
	<!-- 查询所单个的banner -->
	<select id="getBannerById" parameterType="int" resultMap="BaseBannerMap">
		SELECT id,title,imagePath,bannerDetails,bannerTime,state from banner where id=#{id}
	</select>
	<!-- 查询banner有多少数据 -->
	<select id="getBannerNumber" resultType="int">
		SELECT COUNT(id) FROM banner where state=1
	</select>
	<!-- 添加banner数据 -->
	<insert id="addBanner" parameterType="com.app.entiey.Banner">
		insert into banner (title,imagePath,bannerDetails,bannerTime,state)
		values (#{title},#{imagePath},#{bannerDetails},#{bannerTime},#{state})
	</insert>
	<!-- 修改banner数据 -->
	<update id="updateBanner" parameterType="com.app.entiey.Banner">
		UPDATE banner 
		<set>
		<if test="title != null and title !=''">title=#{title},</if>
      	<if test="imagePath != null and imagePath !=''">imagePath=#{imagePath},</if>
      	<if test="bannerDetails != null and bannerDetails !=''">bannerDetails=#{bannerDetails}</if>
      	</set>
      	where id=#{id}
	</update>
	<!-- 修改banner状态 -->
	<update id="updateBannerState" parameterType="com.app.entiey.Banner">
		UPDATE banner 
		<set>
		<if test="state != null ">state=#{state}</if>
      	</set>
      	where id=#{id}
	</update>
	<!-- 根据id删除banner数据 -->
	<delete id="deleteBannerById" parameterType="int">
		DELETE  from banner where id=#{id}
	</delete>
</mapper>